-- Auto-generated SQL for question-related tables
DELETE FROM public."question_single_result_option";
DELETE FROM public."question_single_result";
DELETE FROM public."question_single_option";
DELETE FROM public."question_single";
DELETE FROM public."question";
INSERT INTO public."question" (id, questionnaire, name, description) VALUES ('1daa0f89-85b2-46c0-9353-ec94dd67d82b', 'sharefi75', 'SHARE-FI75+', 'Lo SHARE-FI75+ è un semplice strumento per identificare la fragilità negli anziani, proposto da Roman Romeoro-Ortuno e Cristopher Soraghan grazie ad un approfondito lavoro di analisi dei dati dello studio longitudinale SHARE (Survey of Health, Ageing an Retirement in Europe). Questo strumento, che può essere facilmente utilizzato non solo dai medici di famiglia, ma anche da infermieri e operatori sociali.');
INSERT INTO public."question" (id, questionnaire, name, description) VALUES ('7ceb59a8-455d-40d5-b943-1ad1f2e85cf2', 'sf12', 'SF12', 'Questo questionario intende valutare cosa Lei pensa della Sua salute. Le\\ninformazioni raccolte permetteranno di essere sempre aggiornati su come si sente e su come riesce a\\nsvolgere le Sue attività consuete.\\n');
INSERT INTO public."question" (id, questionnaire, name, description) VALUES ('9f676f2d-fd30-4e36-ab06-92c1242419a9', 'ambiente', 'Condizioni Generali', 'Questo questionario intende valutare l''ambiente in cui si trova la persona fragile');
INSERT INTO public."question" (id, questionnaire, name, description) VALUES ('b86956d0-7989-4729-9525-db6961b2f8c2', 'parametri', 'Parametri', 'Tramite questo questionario è possibile inserire i parametri si stato del paziente.');
INSERT INTO public."question_single" (id, value, "valueType", key, label, required, "order", hint, "controlType", type, "questionId") VALUES ('19423239-d897-43ed-beaa-21b34fb3a7c0', '0', 'number', 'q1', 'In generale, direbbe che la Sua salute è', true, 1, NULL, 'dropdown', NULL, '7ceb59a8-455d-40d5-b943-1ad1f2e85cf2');
INSERT INTO public."question_single" (id, value, "valueType", key, label, required, "order", hint, "controlType", type, "questionId") VALUES ('4f59c370-8d24-4a94-874e-f476ead5a22d', '3', 'number', 'q10', 'Quante ore al giorno l''assistito ha a disposizione un caregiver? ', true, 13, NULL, 'dropdown', NULL, '9f676f2d-fd30-4e36-ab06-92c1242419a9');
INSERT INTO public."question_single" (id, value, "valueType", key, label, required, "order", hint, "controlType", type, "questionId") VALUES ('7a3751b9-4508-4b9d-acd2-d39902c15a54', 'Domande Sullo stato Generale', 'string', '\\N', 'Stato Generale', false, 0, NULL, 'divider', 'no-divider', '7ceb59a8-455d-40d5-b943-1ad1f2e85cf2');
INSERT INTO public."question_single" (id, value, "valueType", key, label, required, "order", hint, "controlType", type, "questionId") VALUES ('1decc475-5562-43ff-8ec2-d1ce6935bc69', 'Nelle ultime 4 settimane, ha riscontrato i seguenti problemi sul lavoro o nelle altre attività quotidiane, a causa della Sua salute fisica?', 'string', '\\N', NULL, false, 2, NULL, 'divider', 'no-divider', '7ceb59a8-455d-40d5-b943-1ad1f2e85cf2');
INSERT INTO public."question_single" (id, value, "valueType", key, label, required, "order", hint, "controlType", type, "questionId") VALUES ('ece4d77b-01a7-457b-80cf-2d1cdf937dd2', '0', 'number', 'q2', 'Attività di moderato impegno fisico, come spostare un tavolo, usare l’aspirapolvere, giocare a bocce o fare un giretto in bicicletta?', true, 3, NULL, 'dropdown', NULL, '7ceb59a8-455d-40d5-b943-1ad1f2e85cf2');
INSERT INTO public."question_single" (id, value, "valueType", key, label, required, "order", hint, "controlType", type, "questionId") VALUES ('a5ed1a91-3b25-4307-8db4-830d613a0ec2', '0', 'number', 'q3', 'Salire qualche piano di scale', true, 4, NULL, 'dropdown', NULL, '7ceb59a8-455d-40d5-b943-1ad1f2e85cf2');
INSERT INTO public."question_single" (id, value, "valueType", key, label, required, "order", hint, "controlType", type, "questionId") VALUES ('e758fc1c-38eb-4069-b53f-1590e3dac003', 'Valido Solo per gli assistiti dai 75 anni in su.', 'string', '\\N', 'ShareFi 75 +', false, 0, NULL, 'divider', 'no-divider', '1daa0f89-85b2-46c0-9353-ec94dd67d82b');
INSERT INTO public."question_single" (id, value, "valueType", key, label, required, "order", hint, "controlType", type, "questionId") VALUES ('5dda0ea0-4a26-4885-9cd7-db68affb07a4', '0', 'number', 'q4', 'Ha reso meno di quanto avrebbe voluto?', true, 6, NULL, 'dropdown', NULL, '7ceb59a8-455d-40d5-b943-1ad1f2e85cf2');
INSERT INTO public."question_single" (id, value, "valueType", key, label, required, "order", hint, "controlType", type, "questionId") VALUES ('e341e0df-424f-45d2-a1f0-06c7275963a0', '0', 'number', 'q5', 'Ha dovuto limitare alcuni tipi di lavoro o di altre attività?', true, 7, NULL, 'dropdown', NULL, '7ceb59a8-455d-40d5-b943-1ad1f2e85cf2');
INSERT INTO public."question_single" (id, value, "valueType", key, label, required, "order", hint, "controlType", type, "questionId") VALUES ('16f8e669-1900-4d60-956b-537fc489bbf9', '0', 'number', 'q6', 'Ha reso meno di quanto avrebbe voluto?', true, 9, NULL, 'dropdown', NULL, '7ceb59a8-455d-40d5-b943-1ad1f2e85cf2');
INSERT INTO public."question_single" (id, value, "valueType", key, label, required, "order", hint, "controlType", type, "questionId") VALUES ('b7e9e310-1b36-48bd-9363-e9687492b4e8', '0', 'number', 'q7', 'Ha avuto un calo di concentrazione sul lavoro o in altre attività?', true, 10, NULL, 'dropdown', NULL, '7ceb59a8-455d-40d5-b943-1ad1f2e85cf2');
INSERT INTO public."question_single" (id, value, "valueType", key, label, required, "order", hint, "controlType", type, "questionId") VALUES ('92e73431-178e-48df-8f06-f873483aa47b', '0', 'number', 'q1', 'nello scorso mese, ha avuto meno energie per fare le cose che voleva fare?', true, 1, NULL, 'dropdown', NULL, '1daa0f89-85b2-46c0-9353-ec94dd67d82b');
INSERT INTO public."question_single" (id, value, "valueType", key, label, required, "order", hint, "controlType", type, "questionId") VALUES ('61bebcc5-0f9a-49a9-90ff-0557f2926071', 'Nelle ultime 4 settimane, ha riscontrato i seguenti problemi sul lavoro o nelle altre attività quotidiane, a causa del Suo stato emotivo (quale il sentirsi depresso o ansioso)?', 'string', '\\N', NULL, false, 8, NULL, 'divider', NULL, '7ceb59a8-455d-40d5-b943-1ad1f2e85cf2');
INSERT INTO public."question_single" (id, value, "valueType", key, label, required, "order", hint, "controlType", type, "questionId") VALUES ('36363c70-5b46-4fa7-803a-433466a6542c', '0', 'number', 'q8', 'Nelle ultime 4 settimane, in che misura il dolore l’ha ostacolata nel lavoro che svolge abitualmente (sia in casa sia fuori casa)?', true, 11, NULL, 'dropdown', NULL, '7ceb59a8-455d-40d5-b943-1ad1f2e85cf2');
INSERT INTO public."question_single" (id, value, "valueType", key, label, required, "order", hint, "controlType", type, "questionId") VALUES ('7eab5ecd-843f-4c2d-92bc-5e37db6437a6', 'Le seguenti domande si riferiscono a come si è sentito nelle ultime 4 settimane. Risponda a ciascuna domanda scegliendo la risposta che più si avvicina al Suo caso. Per quanto tempo nelle ultime 4 settimane si è sentito...', 'string', '\\N', NULL, false, 12, NULL, 'divider', NULL, '7ceb59a8-455d-40d5-b943-1ad1f2e85cf2');
INSERT INTO public."question_single" (id, value, "valueType", key, label, required, "order", hint, "controlType", type, "questionId") VALUES ('d6287a87-7573-4922-b633-7b0d540c98a5', '0', 'number', 'q9', 'Calmo e sereno?', true, 13, NULL, 'dropdown', NULL, '7ceb59a8-455d-40d5-b943-1ad1f2e85cf2');
INSERT INTO public."question_single" (id, value, "valueType", key, label, required, "order", hint, "controlType", type, "questionId") VALUES ('878556a5-c88a-47d5-bf7f-085b4f59a2dd', '0', 'number', 'q10', 'Pieno di energia?', true, 14, NULL, 'dropdown', NULL, '7ceb59a8-455d-40d5-b943-1ad1f2e85cf2');
INSERT INTO public."question_single" (id, value, "valueType", key, label, required, "order", hint, "controlType", type, "questionId") VALUES ('33303f14-a035-40bc-9ab3-6d7bf9c3a2e2', '0', 'number', 'q11', 'Scoraggiato e triste?', true, 15, NULL, 'dropdown', NULL, '7ceb59a8-455d-40d5-b943-1ad1f2e85cf2');
INSERT INTO public."question_single" (id, value, "valueType", key, label, required, "order", hint, "controlType", type, "questionId") VALUES ('9c4ca30e-9f5c-48e5-bcc2-7f0f4cec6145', '0', 'number', 'q12', 'Nelle ultime 4 settimane, per quanto tempo la Sua salute fisica o il Suo stato emotivo hanno interferito nelle Sue attività sociali, in famiglia, con gli amici?', true, 16, NULL, 'dropdown', NULL, '7ceb59a8-455d-40d5-b943-1ad1f2e85cf2');
INSERT INTO public."question_single" (id, value, "valueType", key, label, required, "order", hint, "controlType", type, "questionId") VALUES ('d28c08c4-7105-480f-9516-d3582240da70', NULL, 'string', 'notes', 'Note', false, 17, NULL, 'textbox', 'text', '7ceb59a8-455d-40d5-b943-1ad1f2e85cf2');
INSERT INTO public."question_single" (id, value, "valueType", key, label, required, "order", hint, "controlType", type, "questionId") VALUES ('24c83b52-9516-4a7d-aa9b-d4da28e1c203', 'Le seguenti domande riguardano alcune attività che potrebbe svolgere nel corso di una qualsiasi giornata. La Sua salute La limita attualmente nello svolgimento di queste attività?', 'string', '\\N', 'Attività quotidiane', false, 5, NULL, 'divider', NULL, '7ceb59a8-455d-40d5-b943-1ad1f2e85cf2');
INSERT INTO public."question_single" (id, value, "valueType", key, label, required, "order", hint, "controlType", type, "questionId") VALUES ('faaf1f36-1134-4aae-9d94-62919165d6ed', 'Stato Generale dell''ambiente', 'string', '\\N', 'Stato Luogo', false, 0, NULL, 'divider', 'no-divider', '9f676f2d-fd30-4e36-ab06-92c1242419a9');
INSERT INTO public."question_single" (id, value, "valueType", key, label, required, "order", hint, "controlType", type, "questionId") VALUES ('4336aec9-6623-4d95-b5cb-f9e8fe0083b0', '5', 'number', 'q1', 'Pulizia Ambiente', true, 1, NULL, 'dropdown', NULL, '9f676f2d-fd30-4e36-ab06-92c1242419a9');
INSERT INTO public."question_single" (id, value, "valueType", key, label, required, "order", hint, "controlType", type, "questionId") VALUES ('8094c97c-7d74-40e6-bbf6-a3e624ce6209', '5', 'number', 'q2', 'Corrispondenza del luogo alle esigenze dell’assistito ', true, 2, NULL, 'dropdown', NULL, '9f676f2d-fd30-4e36-ab06-92c1242419a9');
INSERT INTO public."question_single" (id, value, "valueType", key, label, required, "order", hint, "controlType", type, "questionId") VALUES ('898aca3e-ab56-4e78-8ce6-6dc5f7468af2', '5', 'number', 'q3', 'Pulizia Personale', true, 4, NULL, 'dropdown', NULL, '9f676f2d-fd30-4e36-ab06-92c1242419a9');
INSERT INTO public."question_single" (id, value, "valueType", key, label, required, "order", hint, "controlType", type, "questionId") VALUES ('1c8e094b-7349-4c52-8786-7f74af4babad', '5', 'number', 'q4', 'Corrispondenza dei presidi alle esigenze dell’assistito ', true, 5, NULL, 'dropdown', NULL, '9f676f2d-fd30-4e36-ab06-92c1242419a9');
INSERT INTO public."question_single" (id, value, "valueType", key, label, required, "order", hint, "controlType", type, "questionId") VALUES ('158f9bdb-1e7b-4e53-b4b1-cbe3f4c2a216', 'L''assistito è autosufficente per:', 'string', '\\N', 'Autosufficenza', false, 6, NULL, 'divider', NULL, '9f676f2d-fd30-4e36-ab06-92c1242419a9');
INSERT INTO public."question_single" (id, value, "valueType", key, label, required, "order", hint, "controlType", type, "questionId") VALUES ('2c927dd7-6059-466c-8e27-a01110f2f6ce', 'Stato Della Persona', 'string', '\\N', 'Stato Persona', false, 3, NULL, 'divider', NULL, '9f676f2d-fd30-4e36-ab06-92c1242419a9');
INSERT INTO public."question_single" (id, value, "valueType", key, label, required, "order", hint, "controlType", type, "questionId") VALUES ('6b6b7cc3-ebe4-4d63-855e-e4993d48467a', '1', 'number', 'q5', 'Mangiare', true, 7, NULL, 'dropdown', NULL, '9f676f2d-fd30-4e36-ab06-92c1242419a9');
INSERT INTO public."question_single" (id, value, "valueType", key, label, required, "order", hint, "controlType", type, "questionId") VALUES ('1cf8cba7-d5ad-4b8c-9cb5-d50911a32755', '1', 'number', 'q6', 'Igiene personale ', false, 8, NULL, 'dropdown', NULL, '9f676f2d-fd30-4e36-ab06-92c1242419a9');
INSERT INTO public."question_single" (id, value, "valueType", key, label, required, "order", hint, "controlType", type, "questionId") VALUES ('c716058c-dc4a-4f33-b6e2-c5867fb54f2f', '1', 'number', 'q7', 'Fare la spesa ', true, 9, NULL, 'dropdown', NULL, '9f676f2d-fd30-4e36-ab06-92c1242419a9');
INSERT INTO public."question_single" (id, value, "valueType", key, label, required, "order", hint, "controlType", type, "questionId") VALUES ('0700b66f-a2a5-4a95-9bc6-bf00db29e1fd', '1', 'number', 'q8', 'Cucinare ', true, 10, NULL, 'dropdown', NULL, '9f676f2d-fd30-4e36-ab06-92c1242419a9');
INSERT INTO public."question_single" (id, value, "valueType", key, label, required, "order", hint, "controlType", type, "questionId") VALUES ('a1832596-163d-43d4-b5b2-00ac2c35956e', '1', 'number', 'q9', 'Camminare ', true, 11, NULL, 'dropdown', NULL, '9f676f2d-fd30-4e36-ab06-92c1242419a9');
INSERT INTO public."question_single" (id, value, "valueType", key, label, required, "order", hint, "controlType", type, "questionId") VALUES ('74f867da-85af-4870-86cc-fd9aff860d80', NULL, 'string', '\\N', 'Caregiver', false, 12, NULL, 'divider', NULL, '9f676f2d-fd30-4e36-ab06-92c1242419a9');
INSERT INTO public."question_single" (id, value, "valueType", key, label, required, "order", hint, "controlType", type, "questionId") VALUES ('60c2b518-d738-40e4-bfdc-21a45539d262', '0', 'number', 'q11', 'È presente un caregiver la notte?', true, 14, NULL, 'dropdown', NULL, '9f676f2d-fd30-4e36-ab06-92c1242419a9');
INSERT INTO public."question_single" (id, value, "valueType", key, label, required, "order", hint, "controlType", type, "questionId") VALUES ('704faefb-515c-457c-a3f7-9f71ba0753ee', '1', 'number', 'q6', 'Quanto spesso si impegna in attività che richiedono un livello di energia basso o moderato, come il giardinaggio, il lavaggio della macchia o il camminare?', true, 6, NULL, 'dropdown', NULL, '1daa0f89-85b2-46c0-9353-ec94dd67d82b');
INSERT INTO public."question_single" (id, value, "valueType", key, label, required, "order", hint, "controlType", type, "questionId") VALUES ('94b2d54e-f198-4676-9030-ae160a83097f', '0', 'number', 'q3', 'Alzarsi da una sedia dopo essere stato seduto a lungo?', true, 4, NULL, 'dropdown', NULL, '1daa0f89-85b2-46c0-9353-ec94dd67d82b');
INSERT INTO public."question_single" (id, value, "valueType", key, label, required, "order", hint, "controlType", type, "questionId") VALUES ('e2a5072e-b0bb-4772-83ea-d8994d5d12e6', 'A causa di problemi di salute, ha avuto difficoltà (che si suppone durino da più di 3 mesi) a:', 'string', '\\N', NULL, false, 3, NULL, 'divider', 'no-divider', '1daa0f89-85b2-46c0-9353-ec94dd67d82b');
INSERT INTO public."question_single" (id, value, "valueType", key, label, required, "order", hint, "controlType", type, "questionId") VALUES ('00a4e9fb-5531-4c57-8206-6a97d9ec666d', '0', 'number', 'q2', 'Ha avito una riduzione dell''appetito o ha mangiato meno del solito?', true, 2, NULL, 'dropdown', NULL, '1daa0f89-85b2-46c0-9353-ec94dd67d82b');
INSERT INTO public."question_single" (id, value, "valueType", key, label, required, "order", hint, "controlType", type, "questionId") VALUES ('a4b5bea8-94f6-4b3c-a3b1-df78ea313e1a', '0', 'number', 'q4', 'Sollevare o trasportare pesi di oltre 5 chili, come un sacco pesante di generi alimentari?', true, 5, NULL, 'dropdown', NULL, '1daa0f89-85b2-46c0-9353-ec94dd67d82b');
INSERT INTO public."question_single" (id, value, "valueType", key, label, required, "order", hint, "controlType", type, "questionId") VALUES ('57f079bb-827b-4b8e-9126-937f9a904e61', '0', 'number', 'q5', 'Alla risposta dell''esaminatore, scegliere una delle seguenti opzioni:', true, 6, NULL, 'dropdown', NULL, '1daa0f89-85b2-46c0-9353-ec94dd67d82b');
INSERT INTO public."question_single" (id, value, "valueType", key, label, required, "order", hint, "controlType", type, "questionId") VALUES ('11c86324-4bd6-41a5-a427-ed243ad979e4', NULL, 'number', 'q1', 'Frequenza Cardiaca [Bpm]', false, 0, NULL, 'number', '30|230|1', 'b86956d0-7989-4729-9525-db6961b2f8c2');
INSERT INTO public."question_single" (id, value, "valueType", key, label, required, "order", hint, "controlType", type, "questionId") VALUES ('87166612-6dae-49e0-bbc7-bec1b964317b', NULL, 'number', 'q4', 'HbA1c (Emoglobina Glicata) [mmol / mol]', false, 3, NULL, 'number', '40|850|1', 'b86956d0-7989-4729-9525-db6961b2f8c2');
INSERT INTO public."question_single" (id, value, "valueType", key, label, required, "order", hint, "controlType", type, "questionId") VALUES ('352cf8e2-263c-4bcc-a592-09adf73e669d', NULL, 'number', 'q2', 'Peso [Kg]', false, 2, NULL, 'number', '0|400|0.1', 'b86956d0-7989-4729-9525-db6961b2f8c2');
INSERT INTO public."question_single" (id, value, "valueType", key, label, required, "order", hint, "controlType", type, "questionId") VALUES ('9732be48-c12f-4ba9-857f-66c06b839e91', NULL, 'number', 'q3', 'Saturazione Ossigeno [SpO2 %]', false, 1, NULL, 'number', '20|400|1', 'b86956d0-7989-4729-9525-db6961b2f8c2');
INSERT INTO public."question_single_option" (id, value, "valueType", key, "singleQuestionId") VALUES ('5262bd76-2257-42d4-af27-ba62f16c054b', '0', 'number', 'Eccellente', '19423239-d897-43ed-beaa-21b34fb3a7c0');
INSERT INTO public."question_single_option" (id, value, "valueType", key, "singleQuestionId") VALUES ('a51a9a1e-3087-4485-93d9-bb42c54b5aaa', '1', 'number', 'Molto buona', '19423239-d897-43ed-beaa-21b34fb3a7c0');
INSERT INTO public."question_single_option" (id, value, "valueType", key, "singleQuestionId") VALUES ('618fea16-bdeb-47d8-afc2-0d9cc5080cca', '2', 'number', 'Buona', '19423239-d897-43ed-beaa-21b34fb3a7c0');
INSERT INTO public."question_single_option" (id, value, "valueType", key, "singleQuestionId") VALUES ('9ba2fda5-0cc6-403a-8b95-e7d34851ed22', '3', 'number', 'Passabile', '19423239-d897-43ed-beaa-21b34fb3a7c0');
INSERT INTO public."question_single_option" (id, value, "valueType", key, "singleQuestionId") VALUES ('9d29f284-90e2-4aee-b9cf-d7f90cd5fca2', '4', 'number', 'Scadente', '19423239-d897-43ed-beaa-21b34fb3a7c0');
INSERT INTO public."question_single_option" (id, value, "valueType", key, "singleQuestionId") VALUES ('7c3ccafe-67d4-4f03-86cc-63c0622b6a17', '2', 'number', 'SI, mi limita parecchio', 'ece4d77b-01a7-457b-80cf-2d1cdf937dd2');
INSERT INTO public."question_single_option" (id, value, "valueType", key, "singleQuestionId") VALUES ('d8a7177e-d103-4e93-be79-01607f305ad6', '1', 'number', 'SI, mi limita parzialmente', 'ece4d77b-01a7-457b-80cf-2d1cdf937dd2');
INSERT INTO public."question_single_option" (id, value, "valueType", key, "singleQuestionId") VALUES ('7e422cd4-0a5e-4832-bff8-0431f3d5f80f', '0', 'number', 'No, non mi limita per nulla', 'ece4d77b-01a7-457b-80cf-2d1cdf937dd2');
INSERT INTO public."question_single_option" (id, value, "valueType", key, "singleQuestionId") VALUES ('dfe5f225-1636-4655-8298-cc99449b577f', '2', 'number', 'SI, mi limita parecchio', 'a5ed1a91-3b25-4307-8db4-830d613a0ec2');
INSERT INTO public."question_single_option" (id, value, "valueType", key, "singleQuestionId") VALUES ('3c05e2bb-e46e-4e3f-a420-4d38190482bb', '1', 'number', 'SI, mi limita parzialmente', 'a5ed1a91-3b25-4307-8db4-830d613a0ec2');
INSERT INTO public."question_single_option" (id, value, "valueType", key, "singleQuestionId") VALUES ('12ef47c5-966a-4d6e-b579-6f6ee013b905', '0', 'number', 'No, non mi limita per nulla', 'a5ed1a91-3b25-4307-8db4-830d613a0ec2');
INSERT INTO public."question_single_option" (id, value, "valueType", key, "singleQuestionId") VALUES ('b9390bfb-38ae-41d4-9743-599633dffcff', '0', 'number', 'No', '5dda0ea0-4a26-4885-9cd7-db68affb07a4');
INSERT INTO public."question_single_option" (id, value, "valueType", key, "singleQuestionId") VALUES ('e2af5427-16a0-41a3-9444-2059751d7b5e', '0', 'number', 'No', 'e341e0df-424f-45d2-a1f0-06c7275963a0');
INSERT INTO public."question_single_option" (id, value, "valueType", key, "singleQuestionId") VALUES ('52200bd7-fc55-47bf-b037-36d2de19d649', '0', 'number', 'No', '16f8e669-1900-4d60-956b-537fc489bbf9');
INSERT INTO public."question_single_option" (id, value, "valueType", key, "singleQuestionId") VALUES ('cd7b8b85-bb3e-42bb-96d6-ed3f318536ea', '0', 'number', 'No', 'b7e9e310-1b36-48bd-9363-e9687492b4e8');
INSERT INTO public."question_single_option" (id, value, "valueType", key, "singleQuestionId") VALUES ('7a2fbf5c-2303-48d8-8eeb-282d0b6a42f9', '0', 'number', 'Per nulla', '36363c70-5b46-4fa7-803a-433466a6542c');
INSERT INTO public."question_single_option" (id, value, "valueType", key, "singleQuestionId") VALUES ('6f7879e5-8cf9-4aa3-a538-d36311600e65', '1', 'number', 'Molto poco', '36363c70-5b46-4fa7-803a-433466a6542c');
INSERT INTO public."question_single_option" (id, value, "valueType", key, "singleQuestionId") VALUES ('1f8c53ee-2ca5-49c6-86eb-c4540ae2f9e4', '2', 'number', 'Un po’', '36363c70-5b46-4fa7-803a-433466a6542c');
INSERT INTO public."question_single_option" (id, value, "valueType", key, "singleQuestionId") VALUES ('5c52e800-a041-46c7-b994-62e92459b623', '3', 'number', 'Molto', '36363c70-5b46-4fa7-803a-433466a6542c');
INSERT INTO public."question_single_option" (id, value, "valueType", key, "singleQuestionId") VALUES ('e6db988a-df38-4fa6-a54f-8f6c02e30d69', '4', 'number', 'Moltissimo', '36363c70-5b46-4fa7-803a-433466a6542c');
INSERT INTO public."question_single_option" (id, value, "valueType", key, "singleQuestionId") VALUES ('56b4829d-257a-4916-9d64-d03d26c7f814', '0', 'number', 'Sempre', 'd6287a87-7573-4922-b633-7b0d540c98a5');
INSERT INTO public."question_single_option" (id, value, "valueType", key, "singleQuestionId") VALUES ('acb967de-7de6-492a-8c12-2797faa6df1d', '1', 'number', 'Quasi Sempre', 'd6287a87-7573-4922-b633-7b0d540c98a5');
INSERT INTO public."question_single_option" (id, value, "valueType", key, "singleQuestionId") VALUES ('ac15a84e-2eef-442f-aae2-d99e8e9957f2', '2', 'number', 'Molto Tempo', 'd6287a87-7573-4922-b633-7b0d540c98a5');
INSERT INTO public."question_single_option" (id, value, "valueType", key, "singleQuestionId") VALUES ('cea6fa93-58eb-47d1-af33-f09708e345a7', '3', 'number', 'Una parte del tempo', 'd6287a87-7573-4922-b633-7b0d540c98a5');
INSERT INTO public."question_single_option" (id, value, "valueType", key, "singleQuestionId") VALUES ('214e705a-b75d-4d00-8ae7-1fc0055f273a', '4', 'number', 'Quasi mai', 'd6287a87-7573-4922-b633-7b0d540c98a5');
INSERT INTO public."question_single_option" (id, value, "valueType", key, "singleQuestionId") VALUES ('1b913e7f-3641-4a52-a4c0-65ffc05a4e32', '5', 'number', 'Mai', 'd6287a87-7573-4922-b633-7b0d540c98a5');
INSERT INTO public."question_single_option" (id, value, "valueType", key, "singleQuestionId") VALUES ('1f7daf0b-f4cf-42eb-8c6c-74710ca77b84', '0', 'number', 'Sempre', '878556a5-c88a-47d5-bf7f-085b4f59a2dd');
INSERT INTO public."question_single_option" (id, value, "valueType", key, "singleQuestionId") VALUES ('bb4dcc6f-4800-47ae-8364-4a7a251d2762', '1', 'number', 'Quasi Sempre', '878556a5-c88a-47d5-bf7f-085b4f59a2dd');
INSERT INTO public."question_single_option" (id, value, "valueType", key, "singleQuestionId") VALUES ('db8537b2-e2ea-4c8c-bc28-ae72156a8f78', '2', 'number', 'Molto Tempo', '878556a5-c88a-47d5-bf7f-085b4f59a2dd');
INSERT INTO public."question_single_option" (id, value, "valueType", key, "singleQuestionId") VALUES ('d20d8d04-b437-44fa-90ca-1b1c6932a634', '3', 'number', 'Una parte del tempo', '878556a5-c88a-47d5-bf7f-085b4f59a2dd');
INSERT INTO public."question_single_option" (id, value, "valueType", key, "singleQuestionId") VALUES ('6cc9c3b5-0b8b-46de-8e78-819833331e70', '4', 'number', 'Quasi mai', '878556a5-c88a-47d5-bf7f-085b4f59a2dd');
INSERT INTO public."question_single_option" (id, value, "valueType", key, "singleQuestionId") VALUES ('69070d46-e2e2-4054-b664-4c1a479ca6f6', '5', 'number', 'Mai', '878556a5-c88a-47d5-bf7f-085b4f59a2dd');
INSERT INTO public."question_single_option" (id, value, "valueType", key, "singleQuestionId") VALUES ('d7f8dfc0-cb0e-4c08-8eb2-ff292e9222ff', '5', 'number', 'Sempre', '33303f14-a035-40bc-9ab3-6d7bf9c3a2e2');
INSERT INTO public."question_single_option" (id, value, "valueType", key, "singleQuestionId") VALUES ('ae757770-043f-4a52-91c3-ade2a7e270d0', '4', 'number', 'Quasi Sempre', '33303f14-a035-40bc-9ab3-6d7bf9c3a2e2');
INSERT INTO public."question_single_option" (id, value, "valueType", key, "singleQuestionId") VALUES ('a2157af4-b6b6-4d22-9fd2-672a9bc097b9', '3', 'number', 'Molto Tempo', '33303f14-a035-40bc-9ab3-6d7bf9c3a2e2');
INSERT INTO public."question_single_option" (id, value, "valueType", key, "singleQuestionId") VALUES ('8d3d05f0-a872-4d97-8df2-564046a3c41c', '2', 'number', 'Una parte del tempo', '33303f14-a035-40bc-9ab3-6d7bf9c3a2e2');
INSERT INTO public."question_single_option" (id, value, "valueType", key, "singleQuestionId") VALUES ('0ff77912-818d-4868-9efb-4a56215dca78', '1', 'number', 'Quasi mai', '33303f14-a035-40bc-9ab3-6d7bf9c3a2e2');
INSERT INTO public."question_single_option" (id, value, "valueType", key, "singleQuestionId") VALUES ('330a54ee-750a-4970-a7ee-2643d1818e8b', '0', 'number', 'Mai', '33303f14-a035-40bc-9ab3-6d7bf9c3a2e2');
INSERT INTO public."question_single_option" (id, value, "valueType", key, "singleQuestionId") VALUES ('e28e0133-fc2a-4e2d-b9d8-8260370e57ab', '4', 'number', 'Sempre', '9c4ca30e-9f5c-48e5-bcc2-7f0f4cec6145');
INSERT INTO public."question_single_option" (id, value, "valueType", key, "singleQuestionId") VALUES ('5085a319-39db-462c-9c98-88a34a94629e', '3', 'number', 'Quasi Sempre', '9c4ca30e-9f5c-48e5-bcc2-7f0f4cec6145');
INSERT INTO public."question_single_option" (id, value, "valueType", key, "singleQuestionId") VALUES ('106e2e40-175a-43fc-8c69-d327f0c447d1', '2', 'number', 'Una parte del tempo', '9c4ca30e-9f5c-48e5-bcc2-7f0f4cec6145');
INSERT INTO public."question_single_option" (id, value, "valueType", key, "singleQuestionId") VALUES ('83100fd3-b0d7-4857-83b4-009a709a7398', '1', 'number', 'Quasi mai', '9c4ca30e-9f5c-48e5-bcc2-7f0f4cec6145');
INSERT INTO public."question_single_option" (id, value, "valueType", key, "singleQuestionId") VALUES ('d090b6ff-2183-45c2-882b-a3e097d859fb', '0', 'number', 'Mai', '9c4ca30e-9f5c-48e5-bcc2-7f0f4cec6145');
INSERT INTO public."question_single_option" (id, value, "valueType", key, "singleQuestionId") VALUES ('00640291-4c0f-4cb8-ae06-95f2f4a1da51', '5', 'number', 'Eccellente', '4336aec9-6623-4d95-b5cb-f9e8fe0083b0');
INSERT INTO public."question_single_option" (id, value, "valueType", key, "singleQuestionId") VALUES ('bb7470e7-0a85-4695-b1f8-757200b3412c', '4', 'number', 'Molto buona', '4336aec9-6623-4d95-b5cb-f9e8fe0083b0');
INSERT INTO public."question_single_option" (id, value, "valueType", key, "singleQuestionId") VALUES ('cfed2d52-aaa1-4f61-ae2d-74e5fc2fbab2', '3', 'number', 'Buona', '4336aec9-6623-4d95-b5cb-f9e8fe0083b0');
INSERT INTO public."question_single_option" (id, value, "valueType", key, "singleQuestionId") VALUES ('166e0c38-01ae-4472-9aa3-cec441a8f053', '2', 'number', 'Passabile', '4336aec9-6623-4d95-b5cb-f9e8fe0083b0');
INSERT INTO public."question_single_option" (id, value, "valueType", key, "singleQuestionId") VALUES ('18c3af11-6b77-4828-8801-200a32a82558', '1', 'number', 'Scadente', '4336aec9-6623-4d95-b5cb-f9e8fe0083b0');
INSERT INTO public."question_single_option" (id, value, "valueType", key, "singleQuestionId") VALUES ('92cf0263-6b47-4c9c-8afa-0b6e25675935', '0', 'number', 'Pessima', '4336aec9-6623-4d95-b5cb-f9e8fe0083b0');
INSERT INTO public."question_single_option" (id, value, "valueType", key, "singleQuestionId") VALUES ('356e4faa-ca5c-4abe-9eec-022efc58cc85', '5', 'number', 'Eccellente', '8094c97c-7d74-40e6-bbf6-a3e624ce6209');
INSERT INTO public."question_single_option" (id, value, "valueType", key, "singleQuestionId") VALUES ('cd727440-9672-4f94-8255-19f9ed5a2db7', '4', 'number', 'Molto buona', '8094c97c-7d74-40e6-bbf6-a3e624ce6209');
INSERT INTO public."question_single_option" (id, value, "valueType", key, "singleQuestionId") VALUES ('2903ed10-066d-41ed-87fe-08200295c4b8', '3', 'number', 'Buona', '8094c97c-7d74-40e6-bbf6-a3e624ce6209');
INSERT INTO public."question_single_option" (id, value, "valueType", key, "singleQuestionId") VALUES ('5368b994-5a43-434f-b4ee-3331ba316ac1', '2', 'number', 'Passabile', '8094c97c-7d74-40e6-bbf6-a3e624ce6209');
INSERT INTO public."question_single_option" (id, value, "valueType", key, "singleQuestionId") VALUES ('4753e4a6-1968-4c59-8c68-651617e7be24', '1', 'number', 'Scadente', '8094c97c-7d74-40e6-bbf6-a3e624ce6209');
INSERT INTO public."question_single_option" (id, value, "valueType", key, "singleQuestionId") VALUES ('3f826b84-8637-4e35-8f1e-48433083d4f5', '0', 'number', 'Pessima', '8094c97c-7d74-40e6-bbf6-a3e624ce6209');
INSERT INTO public."question_single_option" (id, value, "valueType", key, "singleQuestionId") VALUES ('af768df5-898a-415f-8d4c-9b491b3a5ae9', '5', 'number', 'Eccellente', '898aca3e-ab56-4e78-8ce6-6dc5f7468af2');
INSERT INTO public."question_single_option" (id, value, "valueType", key, "singleQuestionId") VALUES ('eb536c10-b8fd-4942-8e85-8a5df1a64aa9', '4', 'number', 'Molto buona', '898aca3e-ab56-4e78-8ce6-6dc5f7468af2');
INSERT INTO public."question_single_option" (id, value, "valueType", key, "singleQuestionId") VALUES ('a2387e62-0f81-4a1e-9c68-4a7ae4f6e6c5', '3', 'number', 'Buona', '898aca3e-ab56-4e78-8ce6-6dc5f7468af2');
INSERT INTO public."question_single_option" (id, value, "valueType", key, "singleQuestionId") VALUES ('c95a7e7e-b4d4-44e4-8e8a-71c2bebdcf84', '2', 'number', 'Passabile', '898aca3e-ab56-4e78-8ce6-6dc5f7468af2');
INSERT INTO public."question_single_option" (id, value, "valueType", key, "singleQuestionId") VALUES ('0d5935bf-0065-4512-b8d7-d0979e60b535', '1', 'number', 'Scadente', '898aca3e-ab56-4e78-8ce6-6dc5f7468af2');
INSERT INTO public."question_single_option" (id, value, "valueType", key, "singleQuestionId") VALUES ('f9ea2c57-54e2-4b82-8a11-d75e1eb138b6', '0', 'number', 'Pessima', '898aca3e-ab56-4e78-8ce6-6dc5f7468af2');
INSERT INTO public."question_single_option" (id, value, "valueType", key, "singleQuestionId") VALUES ('bef50e03-a7b5-4bb9-8f51-c233b12a8e48', '5', 'number', 'Eccellente', '1c8e094b-7349-4c52-8786-7f74af4babad');
INSERT INTO public."question_single_option" (id, value, "valueType", key, "singleQuestionId") VALUES ('ff2fed71-2070-430d-bdea-f54969f3db45', '4', 'number', 'Molto buona', '1c8e094b-7349-4c52-8786-7f74af4babad');
INSERT INTO public."question_single_option" (id, value, "valueType", key, "singleQuestionId") VALUES ('dd6be6f6-8856-427a-86b4-5b56521986e3', '3', 'number', 'Buona', '1c8e094b-7349-4c52-8786-7f74af4babad');
INSERT INTO public."question_single_option" (id, value, "valueType", key, "singleQuestionId") VALUES ('83254c92-5a6b-46fe-b3ad-f4570b0a749d', '2', 'number', 'Passabile', '1c8e094b-7349-4c52-8786-7f74af4babad');
INSERT INTO public."question_single_option" (id, value, "valueType", key, "singleQuestionId") VALUES ('1dc784ee-a55d-4b9f-bd17-68cccb454f40', '1', 'number', 'Scadente', '1c8e094b-7349-4c52-8786-7f74af4babad');
INSERT INTO public."question_single_option" (id, value, "valueType", key, "singleQuestionId") VALUES ('cfa47784-daac-4787-9418-27ceaafd386b', '0', 'number', 'Pessima', '1c8e094b-7349-4c52-8786-7f74af4babad');
INSERT INTO public."question_single_option" (id, value, "valueType", key, "singleQuestionId") VALUES ('756863ed-eb16-4cdb-a677-930a7525403b', '1', 'number', 'Si', '16f8e669-1900-4d60-956b-537fc489bbf9');
INSERT INTO public."question_single_option" (id, value, "valueType", key, "singleQuestionId") VALUES ('3ce35943-2853-475e-8d43-7732b7cef38e', '1', 'number', 'Si', '5dda0ea0-4a26-4885-9cd7-db68affb07a4');
INSERT INTO public."question_single_option" (id, value, "valueType", key, "singleQuestionId") VALUES ('696bb282-3256-4634-a2cf-3c05d246d6b8', '1', 'number', 'Si', 'e341e0df-424f-45d2-a1f0-06c7275963a0');
INSERT INTO public."question_single_option" (id, value, "valueType", key, "singleQuestionId") VALUES ('eae5c9a6-8c7e-4bbb-aa59-2a981b01c4ba', '1', 'number', 'Si', 'b7e9e310-1b36-48bd-9363-e9687492b4e8');
INSERT INTO public."question_single_option" (id, value, "valueType", key, "singleQuestionId") VALUES ('6c871675-40d0-4cdb-946c-01036b5ab549', '1', 'number', 'Si', '6b6b7cc3-ebe4-4d63-855e-e4993d48467a');
INSERT INTO public."question_single_option" (id, value, "valueType", key, "singleQuestionId") VALUES ('817f302c-6ba1-4eb5-b785-0176896d067f', '0', 'number', 'No', '6b6b7cc3-ebe4-4d63-855e-e4993d48467a');
INSERT INTO public."question_single_option" (id, value, "valueType", key, "singleQuestionId") VALUES ('d420d05b-ab7a-4002-8ee4-b0afb7f1f8b4', '1', 'number', 'Si', '1cf8cba7-d5ad-4b8c-9cb5-d50911a32755');
INSERT INTO public."question_single_option" (id, value, "valueType", key, "singleQuestionId") VALUES ('34b3b961-f5fb-40ad-8b43-07d6b1444166', '0', 'number', 'No', '1cf8cba7-d5ad-4b8c-9cb5-d50911a32755');
INSERT INTO public."question_single_option" (id, value, "valueType", key, "singleQuestionId") VALUES ('b652debc-7b19-44f6-bbce-8bedd481b121', '1', 'number', 'Si', 'c716058c-dc4a-4f33-b6e2-c5867fb54f2f');
INSERT INTO public."question_single_option" (id, value, "valueType", key, "singleQuestionId") VALUES ('53c9ab04-7cd9-49e1-a36f-843227b4c95c', '0', 'number', 'No', 'c716058c-dc4a-4f33-b6e2-c5867fb54f2f');
INSERT INTO public."question_single_option" (id, value, "valueType", key, "singleQuestionId") VALUES ('0df0081a-11a5-438c-833e-ff5b91500d6f', '1', 'number', 'Si', '0700b66f-a2a5-4a95-9bc6-bf00db29e1fd');
INSERT INTO public."question_single_option" (id, value, "valueType", key, "singleQuestionId") VALUES ('fc77eb0c-5d97-48b5-91be-c6e78c84699f', '0', 'number', 'No', '0700b66f-a2a5-4a95-9bc6-bf00db29e1fd');
INSERT INTO public."question_single_option" (id, value, "valueType", key, "singleQuestionId") VALUES ('7607ef83-5869-40d7-b47d-09cc734250de', '1', 'number', 'Si', 'a1832596-163d-43d4-b5b2-00ac2c35956e');
INSERT INTO public."question_single_option" (id, value, "valueType", key, "singleQuestionId") VALUES ('bd8c8dc0-ece8-4762-bdb4-2116ae24c77b', '0', 'number', 'No', 'a1832596-163d-43d4-b5b2-00ac2c35956e');
INSERT INTO public."question_single_option" (id, value, "valueType", key, "singleQuestionId") VALUES ('2a3eb875-43ad-41df-8a9b-3275e9640b06', '0', 'number', 'Mai', '4f59c370-8d24-4a94-874e-f476ead5a22d');
INSERT INTO public."question_single_option" (id, value, "valueType", key, "singleQuestionId") VALUES ('31a3b00b-7f5c-433a-bdd9-aa1294ae9a42', '1', 'number', 'Almeno 1 Ora', '4f59c370-8d24-4a94-874e-f476ead5a22d');
INSERT INTO public."question_single_option" (id, value, "valueType", key, "singleQuestionId") VALUES ('cc4d8e75-5cde-4a9f-82e5-696b09bd9691', '2', 'number', 'Almeno 2 Ore', '4f59c370-8d24-4a94-874e-f476ead5a22d');
INSERT INTO public."question_single_option" (id, value, "valueType", key, "singleQuestionId") VALUES ('0630c061-9c70-459b-b8c8-db0a49e54296', '3', 'number', 'Almeno 4 Ore', '4f59c370-8d24-4a94-874e-f476ead5a22d');
INSERT INTO public."question_single_option" (id, value, "valueType", key, "singleQuestionId") VALUES ('c3bd0c02-bcb9-4bd5-9543-b0e5392b15be', '4', 'number', 'Almeno 8 Ore', '4f59c370-8d24-4a94-874e-f476ead5a22d');
INSERT INTO public."question_single_option" (id, value, "valueType", key, "singleQuestionId") VALUES ('bede905a-6fe7-46e0-ab02-147c1d4d9ff4', '5', 'number', 'Almeno 12 Ore', '4f59c370-8d24-4a94-874e-f476ead5a22d');
INSERT INTO public."question_single_option" (id, value, "valueType", key, "singleQuestionId") VALUES ('ea525006-cf3b-4d64-a9fa-d7e925bfb607', '6', 'number', 'Almeno 18 Ore', '4f59c370-8d24-4a94-874e-f476ead5a22d');
INSERT INTO public."question_single_option" (id, value, "valueType", key, "singleQuestionId") VALUES ('8c219adc-bef6-4383-ad46-ee1ca011f895', '7', 'number', '24 Ore', '4f59c370-8d24-4a94-874e-f476ead5a22d');
INSERT INTO public."question_single_option" (id, value, "valueType", key, "singleQuestionId") VALUES ('6e94a807-c96b-4a80-bcd6-52f25c356cb5', '0', 'number', 'No', '60c2b518-d738-40e4-bfdc-21a45539d262');
INSERT INTO public."question_single_option" (id, value, "valueType", key, "singleQuestionId") VALUES ('42f18242-7e0a-446f-a208-b54bc4fe9352', '1', 'number', 'Si', '60c2b518-d738-40e4-bfdc-21a45539d262');
INSERT INTO public."question_single_option" (id, value, "valueType", key, "singleQuestionId") VALUES ('0ef3dd74-cab3-4aee-b7cb-6801f0c81115', '0', 'number', 'No', '92e73431-178e-48df-8f06-f873483aa47b');
INSERT INTO public."question_single_option" (id, value, "valueType", key, "singleQuestionId") VALUES ('26b57a7a-0ac0-42e4-bb71-29daa88d8e6f', '1', 'number', 'Si', '92e73431-178e-48df-8f06-f873483aa47b');
INSERT INTO public."question_single_option" (id, value, "valueType", key, "singleQuestionId") VALUES ('a21d5161-95e0-45dd-b685-ae2551143ae4', '0', 'number', 'No', '00a4e9fb-5531-4c57-8206-6a97d9ec666d');
INSERT INTO public."question_single_option" (id, value, "valueType", key, "singleQuestionId") VALUES ('709fb6f8-71da-4bd8-8cb9-6fb8661529ed', '1', 'number', 'Si', '00a4e9fb-5531-4c57-8206-6a97d9ec666d');
INSERT INTO public."question_single_option" (id, value, "valueType", key, "singleQuestionId") VALUES ('544268aa-3c93-441f-99c7-d7b0a4f58769', '0', 'number', 'No', '94b2d54e-f198-4676-9030-ae160a83097f');
INSERT INTO public."question_single_option" (id, value, "valueType", key, "singleQuestionId") VALUES ('203f8825-66b5-4911-8327-2f9b95eb88d2', '1', 'number', 'Si', '94b2d54e-f198-4676-9030-ae160a83097f');
INSERT INTO public."question_single_option" (id, value, "valueType", key, "singleQuestionId") VALUES ('aa050300-ba5c-491f-9b1e-b2c7366fe30f', '0', 'number', 'No', 'a4b5bea8-94f6-4b3c-a3b1-df78ea313e1a');
INSERT INTO public."question_single_option" (id, value, "valueType", key, "singleQuestionId") VALUES ('674b3cf1-f767-4426-ace1-06e6cbc00ef6', '1', 'number', 'Si', 'a4b5bea8-94f6-4b3c-a3b1-df78ea313e1a');
INSERT INTO public."question_single_option" (id, value, "valueType", key, "singleQuestionId") VALUES ('5b2eabfc-bb9c-489b-a797-d8756886280a', '0', 'number', 'camminare da solo senza alcun aiuto', '57f079bb-827b-4b8e-9126-937f9a904e61');
INSERT INTO public."question_single_option" (id, value, "valueType", key, "singleQuestionId") VALUES ('b225f4f1-cf47-4dec-a803-4141542430ce', '1', 'number', 'camminare con l’aiuto di qualcuno o di qualche supporto oppure uso di sedia a rotelle', '57f079bb-827b-4b8e-9126-937f9a904e61');
INSERT INTO public."question_single_option" (id, value, "valueType", key, "singleQuestionId") VALUES ('631d6c71-8b37-4eaa-bf18-8f853cff0cbe', '2', 'number', 'soggetto allettato', '57f079bb-827b-4b8e-9126-937f9a904e61');
INSERT INTO public."question_single_option" (id, value, "valueType", key, "singleQuestionId") VALUES ('14cf2b09-0612-45ec-8218-79b392f88e68', '3', 'number', 'impossibilità di osservazione diretta.', '57f079bb-827b-4b8e-9126-937f9a904e61');
INSERT INTO public."question_single_option" (id, value, "valueType", key, "singleQuestionId") VALUES ('8fb29c63-82fe-4e6a-993d-0172c6d025ae', '1', 'number', 'Mai o Quasi Mai', '704faefb-515c-457c-a3f7-9f71ba0753ee');
INSERT INTO public."question_single_option" (id, value, "valueType", key, "singleQuestionId") VALUES ('d52fc8f8-4cad-43d6-bc41-454d264806a7', '2', 'number', '1-3 volte al mese', '704faefb-515c-457c-a3f7-9f71ba0753ee');
INSERT INTO public."question_single_option" (id, value, "valueType", key, "singleQuestionId") VALUES ('5fafb6cc-c573-4c1f-9f73-5115276c5155', '3', 'number', '1 volta a settimana', '704faefb-515c-457c-a3f7-9f71ba0753ee');
INSERT INTO public."question_single_option" (id, value, "valueType", key, "singleQuestionId") VALUES ('a28f6819-1a34-44af-b531-b8f248eb2025', '4', 'number', 'Più di 1 volta a settimana', '704faefb-515c-457c-a3f7-9f71ba0753ee');
INSERT INTO public."question_single_result" (id, value, "valueType", key, label, required, "order", hint, "controlType", type, "questionId") VALUES ('11f2406c-f938-40c5-b184-fa5dae0d5cad', NULL, 'number', 'pcs', 'Indice PCS', true, 2, 'L’indice denominato Physical Component Summary (PCS) é un indice che riguardo lo stato fisico', 'number', NULL, '7ceb59a8-455d-40d5-b943-1ad1f2e85cf2');
INSERT INTO public."question_single_result" (id, value, "valueType", key, label, required, "order", hint, "controlType", type, "questionId") VALUES ('9c3fa876-0d25-4858-b0e5-5303ad380122', NULL, 'number', 'mcs', 'Indice MCS', true, 1, 'L’indice denominato Mental Component Summary (MCS) é un indice che misura lo stato mentale', 'number', NULL, '7ceb59a8-455d-40d5-b943-1ad1f2e85cf2');
INSERT INTO public."question_single_result" (id, value, "valueType", key, label, required, "order", hint, "controlType", type, "questionId") VALUES ('54a2831b-2e54-4404-89b2-b3890870ba63', NULL, 'string', '\\N', 'Risultati', false, 0, NULL, 'divider', NULL, '7ceb59a8-455d-40d5-b943-1ad1f2e85cf2');
INSERT INTO public."question_single_result" (id, value, "valueType", key, label, required, "order", hint, "controlType", type, "questionId") VALUES ('1f806f18-2eb4-4e1c-b2ea-321469211ba9', NULL, 'number', 'dfactor', 'DFactor', true, 1, NULL, 'number', NULL, '1daa0f89-85b2-46c0-9353-ec94dd67d82b');
INSERT INTO public."question_single_result" (id, value, "valueType", key, label, required, "order", hint, "controlType", type, "questionId") VALUES ('ac7c3956-d2cf-459a-89c8-5e3285997148', NULL, 'string', '\\N', 'Risultati', false, 0, NULL, 'divider', NULL, '1daa0f89-85b2-46c0-9353-ec94dd67d82b');
INSERT INTO public."question_single_result" (id, value, "valueType", key, label, required, "order", hint, "controlType", type, "questionId") VALUES ('fb82bd78-304a-448a-8bf5-553a1819b8bc', NULL, 'number', 'frailstatus', 'Stato Fragilità', true, 2, NULL, 'dropdown', NULL, '1daa0f89-85b2-46c0-9353-ec94dd67d82b');
INSERT INTO public."question_single_result_option" (id, value, "valueType", key, "singleQuestionId") VALUES ('a71b40d7-e696-4be0-9df0-3ff02444cc98', '0', 'number', 'Non Fragile', 'fb82bd78-304a-448a-8bf5-553a1819b8bc');
INSERT INTO public."question_single_result_option" (id, value, "valueType", key, "singleQuestionId") VALUES ('261b2a57-59f7-4e7a-b51e-b0c879e9560b', '1', 'number', 'Quasi Fragile', 'fb82bd78-304a-448a-8bf5-553a1819b8bc');
INSERT INTO public."question_single_result_option" (id, value, "valueType", key, "singleQuestionId") VALUES ('6f862f07-c7d0-42fc-b866-54731d007871', '2', 'number', 'Fragile', 'fb82bd78-304a-448a-8bf5-553a1819b8bc');
INSERT INTO public."question_single_result_option" (id, value, "valueType", key, "singleQuestionId") VALUES ('ade87dea-5a7d-402e-b9e9-936bddc75591', '-1', 'number', 'Errore (DFactor < 0)', 'fb82bd78-304a-448a-8bf5-553a1819b8bc');
INSERT INTO public."question_single_result_option" (id, value, "valueType", key, "singleQuestionId") VALUES ('a92884e6-553f-47cf-aefd-3dc5fe08c902', '-2', 'number', 'Errore (DFactor > 1)', 'fb82bd78-304a-448a-8bf5-553a1819b8bc');
